<?xml version="1.0" encoding="UTF-8"?>
<project xmlns="http://maven.apache.org/POM/4.0.0" xmlns:xsi="http://www.w3.org/2001/XMLSchema-instance" xsi:schemaLocation="http://maven.apache.org/POM/4.0.0 http://maven.apache.org/maven-v4_0_0.xsd">
  <modelVersion>4.0.0</modelVersion>
  <groupId>sample.micronaut</groupId>
  <artifactId>sample-micronaut</artifactId>
  <version>0.1</version>
  <build>
    <pluginManagement>
      <plugins>
        <plugin>
          <artifactId>maven-surefire-plugin</artifactId>
          <version>${maven-surefire-plugin.version}</version>
          <configuration>
            <detail>true</detail>
            <includes>
              <include>%regex[.*]</include>
            </includes>
          </configuration>
        </plugin>
        <plugin>
          <artifactId>maven-failsafe-plugin</artifactId>
          <version>${maven-failsafe-plugin.version}</version>
          <executions>
            <execution>
              <goals>
                <goal>integration-test</goal>
                <goal>verify</goal>
              </goals>
            </execution>
          </executions>
        </plugin>
        <plugin>
          <artifactId>maven-compiler-plugin</artifactId>
          <version>3.7.0</version>
          <executions>
            <execution>
              <id>test-compile</id>
              <goals>
                <goal>testCompile</goal>
              </goals>
              <configuration>
                <compilerArgs>
                  <arg>-parameters</arg>
                </compilerArgs>
                <annotationProcessorPaths>
                  <path>
                    <groupId>io.micronaut</groupId>
                    <artifactId>micronaut-inject-java</artifactId>
                    <version>1.3.5</version>
                  </path>
                  <path>
                    <groupId>io.micronaut</groupId>
                    <artifactId>micronaut-validation</artifactId>
                    <version>1.3.5</version>
                  </path>
                </annotationProcessorPaths>
              </configuration>
            </execution>
          </executions>
          <configuration>
            <compilerArgs>
              <arg>-parameters</arg>
            </compilerArgs>
            <annotationProcessorPaths>
              <path>
                <groupId>io.micronaut</groupId>
                <artifactId>micronaut-inject-java</artifactId>
                <version>1.3.5</version>
              </path>
              <path>
                <groupId>io.micronaut</groupId>
                <artifactId>micronaut-validation</artifactId>
                <version>1.3.5</version>
              </path>
            </annotationProcessorPaths>
          </configuration>
        </plugin>
      </plugins>
    </pluginManagement>
    <plugins>
      <plugin>
        <artifactId>maven-shade-plugin</artifactId>
        <version>3.1.0</version>
        <executions>
          <execution>
            <phase>package</phase>
            <goals>
              <goal>shade</goal>
            </goals>
            <configuration>
              <transformers>
                <transformer>
                  <mainClass>${exec.mainClass}</mainClass>
                </transformer>
                <transformer />
              </transformers>
            </configuration>
          </execution>
        </executions>
      </plugin>
      <plugin>
        <groupId>org.codehaus.mojo</groupId>
        <artifactId>exec-maven-plugin</artifactId>
        <version>1.6.0</version>
        <configuration>
          <executable>java</executable>
          <arguments>
            <argument>-classpath</argument>
            <classpath />
            <argument>-noverify</argument>
            <argument>-XX:TieredStopAtLevel=1</argument>
            <argument>-Dcom.sun.management.jmxremote</argument>
            <argument>${exec.mainClass}</argument>
          </arguments>
        </configuration>
      </plugin>
    </plugins>
  </build>
  <repositories>
    <repository>
      <id>jcenter.bintray.com</id>
      <url>https://jcenter.bintray.com</url>
    </repository>
  </repositories>
  <dependencies>
    <dependency>
      <groupId>org.junit.jupiter</groupId>
      <artifactId>junit-jupiter-api</artifactId>
      <version>5.6.0</version>
      <scope>test</scope>
      <exclusions>
        <exclusion>
          <artifactId>apiguardian-api</artifactId>
          <groupId>org.apiguardian</groupId>
        </exclusion>
        <exclusion>
          <artifactId>opentest4j</artifactId>
          <groupId>org.opentest4j</groupId>
        </exclusion>
        <exclusion>
          <artifactId>junit-platform-commons</artifactId>
          <groupId>org.junit.platform</groupId>
        </exclusion>
      </exclusions>
    </dependency>
    <dependency>
      <groupId>org.junit.jupiter</groupId>
      <artifactId>junit-jupiter-engine</artifactId>
      <version>5.6.0</version>
      <scope>test</scope>
      <exclusions>
        <exclusion>
          <artifactId>junit-platform-engine</artifactId>
          <groupId>org.junit.platform</groupId>
        </exclusion>
        <exclusion>
          <artifactId>apiguardian-api</artifactId>
          <groupId>org.apiguardian</groupId>
        </exclusion>
      </exclusions>
    </dependency>
    <dependency>
      <groupId>io.micronaut.test</groupId>
      <artifactId>micronaut-test-junit5</artifactId>
      <version>1.1.2</version>
      <scope>test</scope>
      <exclusions>
        <exclusion>
          <artifactId>micronaut-test-core</artifactId>
          <groupId>io.micronaut.test</groupId>
        </exclusion>
      </exclusions>
    </dependency>
  </dependencies>
  <dependencyManagement>
    <dependencies>
      <dependency>
        <groupId>io.micronaut</groupId>
        <artifactId>micronaut-bom</artifactId>
        <version>${micronaut.version}</version>
        <type>pom</type>
        <scope>import</scope>
      </dependency>
    </dependencies>
  </dependencyManagement>
  <properties>
    <micronaut.version>1.3.5</micronaut.version>
    <maven.compiler.target>${jdk.version}</maven.compiler.target>
    <exec.mainClass>sample.micronaut.Application</exec.mainClass>
    <maven-failsafe-plugin.version>2.22.2</maven-failsafe-plugin.version>
    <maven-surefire-plugin.version>2.22.2</maven-surefire-plugin.version>
    <maven.compiler.source>${jdk.version}</maven.compiler.source>
    <project.build.sourceEncoding>UTF-8</project.build.sourceEncoding>
    <jdk.version>1.8</jdk.version>
    <project.reporting.outputEncoding>UTF-8</project.reporting.outputEncoding>
  </properties>
</project>

